<?xml version="1.0" encoding="UTF-8"?>
<beans xmlns="http://www.springframework.org/schema/beans"
       xmlns:xsi="http://www.w3.org/2001/XMLSchema-instance"
       xmlns:aop="http://www.springframework.org/schema/aop"
       xmlns:context="http://www.springframework.org/schema/context"
       xmlns:tx="http://www.springframework.org/schema/tx"
       xsi:schemaLocation="http://www.springframework.org/schema/beans
        http://www.springframework.org/schema/beans/spring-beans.xsd
        http://www.springframework.org/schema/context
        http://www.springframework.org/schema/context/spring-context-4.3.xsd
        http://www.springframework.org/schema/aop
        http://www.springframework.org/schema/aop/spring-aop-4.3.xsd
        http://www.springframework.org/schema/tx
        http://www.springframework.org/schema/tx/spring-tx-4.3.xsd">

    <!--1引入数据库配置文件-->
    <context:property-placeholder location="config/jdbc.properties"/>

    <!-- 2自动扫描IOC组件,bean注解扫描-->
    <context:component-scan base-package="com.hand"/>

    <!-- 5配置数据库连接池-->
    <bean name="dataSource" class="com.zaxxer.hikari.HikariDataSource">
        <property name="driverClassName" value="${jdbc.driver}"/>
        <property name="jdbcUrl" value="${jdbc.url}"/>
        <property name="username" value="${jdbc.user}"/>
        <property name="password" value="${jdbc.password}"/>
    </bean>

    <!--6会话工厂bean-->
    <bean name="sqlSessionFactory" class="org.mybatis.spring.SqlSessionFactoryBean" scope="singleton">
        <!--数据源-->
        <property name="dataSource" ref="dataSource"/>
        <!--sql映射文件-->
        <property name="mapperLocations" value="com/hand/mapper/*Mapper.xml"/>
        <!--别名-->
        <property name="typeAliasesPackage" value="com.hand.entity"/>
    </bean>

    <!--7自动扫描对象关系映射-->
    <bean class="org.mybatis.spring.mapper.MapperScannerConfigurer">
        <!--指定会话工厂，如果当前上下文中只定义了一个则该属性可省去 -->
        <property name="sqlSessionFactoryBeanName" value="sqlSessionFactory"/>
        <!-- 指定要自动扫描接口的基础包，实现接口 -->
        <property name="basePackage" value="com.hand.mapper"/>
    </bean>

    <!-- ====================事务管理==================== -->
    <!-- 8注册事务管理器-->
    <bean name="transactionManager" class="org.springframework.jdbc.datasource.DataSourceTransactionManager">
        <property name="dataSource" ref="dataSource"/>
    </bean>

    <!-- 3aspectj支持自动代理实现AOP功能 -->
    <aop:aspectj-autoproxy proxy-target-class="true"/>

    <!--4 事务注解驱动-->
    <tx:annotation-driven transaction-manager="transactionManager"/>

</beans>